Name,Phone,Phone 2,Email,Address
A k Construction,9842247427,,,Anaikatti
AADHARSH,8098428098,,,OOTY
AARUDHRAS DEVELOPERS,9842115131,,,
AATHIRA BUILDERS,9894981660,,,COIMBATORE
ABC ARCHITECTURE,9344444465,,,COIMBATORE
ABINAYA,9715309424,,,ERODE
ABISARA GARDENS PRIVATE LIMITED,9976330019,,,
ABISHEK,9786175000,,,OOTY
ALAGURAJ,9786826411,,,
AMMAN BUILDERS,9487070543,,,OOTY
AMUTHAS HOTEL,7708908345,,,
ANANDKUMAR SIR,9360001112,,,COIMBATORE
ANANTHI/VILANGURICHI,9629262848,,,COIMBATORE
ANBU,8939618618,,,
ANJU MIRIUM JOSE,9656727141,,,COIMBATORE
ANNAM ASSOCIATES,9600421099,,,COIMBATORE
ARAVIND MYLSAMMY,9843154744,,,COIMBATORE
ARAVIND/BNI,9843144252,,,COIMBATORE
ARAVINDH,9943189364,,,
ARAVINDH/ALAGAR,9994776038,,,
ARCHITECH SIVA,8940544054,,,COIMBATORE
ARK DESIGN SPACE,8344999980,,,COIMBATORE
ARR  SHELTERS,9655556000,,,COIMBATORE
ARUL PRAKASH,7373048383,,,
ARUN,9994225544,,,COIMBATORE
ARUN/ALAGAR,9698422934,,,
ARUN/POLLACHI,9994719909,,,Pollachi
ARUN/SRIDHAR,9500748191,,,COIMBATORE
Aarudhra Construction,8838147825,,,coimbatore
Aathi,6381049168,,,coimbatore
Abilash,8220846817,,,
Abu,9003714926,,,Tirupur
Ajantha builders,8340776002,,,Ooty
Akshaya prakash,9715282717,,,Coimbatore
Anand kumar,9843217677,,,
Anand promoters,9198948623,,,Coimbatore
Anand selvaraj,9611399699,,,
Anandkumar,9894647490,,,
Ananthi architech,8825424449,,,COIMBATORE
Anbu,6383588343,,,
Anbuu,9361388510,,,
Anisha,9677941999,,,
Anithagovarthini,9994809628,,,
Anugraha,9787927690,,,
Aravindh,9994776097,,,
Architech Murugesan,9884399316,,,COIMBATORE
Arun Architecture,9578172053,,,
Arun Kumar Er,8610272570,,,
Arun kumar,9361454545,,,Namakkal
Arusamy,9842217610,,,
Ashwin,9569666688,,,
BALU\PRASANNA,9043745543,,,GANDHIPARK
BATH N STYLE,9894049211,,,
BINU RAJESH,9025433245,,,COIMBATORE
BMN THANGA MALLIGAI,9842613955,9842613954,,COIMBATORE
Babu,9842245434,,,
Bahurtheen,9345611809,,,
Balan,9952209081,,,
Basha,9003278615,,,Coimbatore
Bharathi construction,9442646343,,,
Bright homes,7010667967,,,Coimbatore
Brindha,+919942788599,,,Coimbatore
CHARU TEXTILE DESIGNINGS,9600988098,,,BHAVANI
CHINNADURAI SELVARAJ,8883749772,,,COIMBATORE
CHITRA,7200055124,,,COIMBATORE
CODCEA PREMKUMAR,9894182226,,,
Chandan Chopra,9443351503,,,
Chandra sekar,9344346586,,,
Chandru,9965971751,,,Pollachi
Chinna Chettiar,9894372060,,,
Chinnasamy,9095311700,,,
D. D. Builder,9994282939,,,Coimbatore
DD Building construction,7305529141,,,Coimbatore
DEEPAK (AARUTHRA),7708471194,,,COIMBATORE
DEEPAK (KOVIL),7708471195,,,COIMBATORE
DELANDS CONSTRUCTION,7305302023,,,COIMBATORE
DEVARAJ,0000000000,,,OOTY
DHANA SUNDARAN,9597912002,,,COIMBATORE
DHANLAKSHIMI TILES AND SANITARY,9360285752,,,COIMBATORE
DHARMA SASTHA CONSTRUCTION,8300146887,,,THALAVADI
DIMENSIONS,9566317597,9047051400,,COIMBATORE.
DINESH.ER,9940796894,,,COIMBATORE
DKD CONSTRUCTION,9524222961,,,
DRONA MOHAN ENGG,9942177814,,,THOPPAMPATTI
Deepa,9488456511,,,Coimbatore
Deepak,9842613954,,,Chitra
Dhanasekaran,9566297447,,,
Dhanpal,9842205658,,,G.n.mils
Dharmaraj,8610362776,,,
Dhasharathan,8098832927,,,
Dinesh,7810013197,,,Coimbatore 
ER HARIHARAN,7810935666,,,
ER RAJA GP,9600615510,,,KUNIYAMUTHOOR
ER VANJIMUTHU,9843224410,,,COIMBATORE
ER.JEYAKUMAR,9080574020,,,Coimbatore
ER.MANIKANDAN,7708493339,,,COIMBATORE
ER.PRABHU/TM,9994604227,,,COIMBATORE
ER.SATHISH,9894571438,,,
ER.SUKUMAR/ANNUR,9976592929,,,
ER.VANJINATHAN,9843243707,,,COIMBATORE
ESHA CONSTRUCTIONS,7373550503,,,POTHANUR
Er .Prakash,9788049433,,,
Er Anandha krishnan,9894321616,,,
Er Hari,9789107118,,,
Er Hariharan,9952430016,,,
Er Ravichandran,9865250988,9566655466,,Coimbatore
Er Thoufig hussian,8778283903,,,
Er. Elavarasan,9199653888,,,Coimbatore
Er. Hari,9500434831,,,Coimbatore
Er. Kanagaraj,9952461252,,,
Er. Rajkumar,9442171057,,,
Er. Saravanakumar,9789548133,,,
Er. Sathish,9345679822,,,Coimbatore
Er. Sathish kumar,9842261079,,,
Er. Seshank kumar,6379500254,,,
Er. Sivakumar,9994383800,,,
Er. Stalin,9003590979,,,Coimbatore
Er. Sukumar/VADAMADURAI,9944882838,,,Coimbatore
Er. Thirumoorthy COD,9790013140,,,
Er.kamalakannan,9943691826,,,
G.Geethanjali,9952832715,,,
GENESIS WATER TECHNOLOGY,9843778261,,,COIMBATORE
GOBI,9994663671,,,COIMBATORE
GOBUYEAZZIFY INDIA PRIVATE LIMITED,0000000000,,,COIMBATORE
GOWSIK (KIRTHI),7845274642,,,COIMBATORE
GOWTHAM,9488919872,,,COIMBATORE
GOWTHAM KMP,9578346683,,,
GUHA PROMOTORS,9366624545,,,COIMBATORE
GUNASEKARAN,8248628380,9942352402,gkindustries02@gmail.com,Coimbatore
GUNASEKARAN PNP,9943500318,,,P.N PALAYAM
GURU,9787678787,,,
GURUKADAKSHAM CONSTRUCTION,8838605858,,,POOLUVAPATTI
GURUKADAKSHAM COSTRUCTION,9840761567,9840770272,,"POOLUVAPATTI , COIMBATORE"
Gopalsamy,9944198469,,,
Govindaraj,9976151964,,,Coimbatore 
Govindarasu sir,9000002222,,,Ooty
Gowriprasanth,9788119999,,,
Guru Rao c/o Er. Hariharan,9597344613,,,
HARSHITA ARCHITECH / BNI,9677656252,,,
HARSHITA BNI,9677656252,,,Coimbatore
HOTEL TRIDENT,9486956108,,,NILGIRIS
HRS Groups,9629778657,,,
Hariharan,8124515439,,,
Harikaran,9842853295,,,COIMBATORE
Hariprasath,9363600927,,,
Harish kumar,9943957733,,,
Harisri rajan,9443619130,,,Coimbatore
IMAGINATIVE ARCHITECTURE,8072850689,,,COIMBATORE
INDHU PRIYADHASHINI,9786693938,,,COIMBATORE
Immanuvel,8778565388,,,Coimbatore
JAGATIES VEĜATESH  BUILDERS,9600569963,,,Coimbatore
JAMES PANNIMADAI,9944385849,,,Coimbatore
JOSHEP,9715994000,,,COIMBATORE
Jagadish Vengadesh builder,+91 96005 69963,,,Coimbatore
Jai aman food llp,9543602708,,,Ooty
Jaishankar,9003702731,,,
Janaki,9943469920,,,
Jayakumar,9194899912,,,
Jayaraj builder,9363126237,,,Coimbatore
Jayaraju,9566720322,,,
Jeeva,8939845682,,,
Jessi,9940822309,,,
Jeyakumar,6381632521,,,Singanallur
Jeyasathya,6380391125,,,
KALAIVANI COONOOR,8778725540,,,OOty
KAMATCHI AMMAN KOVIL,8754834145,,,COIMBATORE
KARTHIK BNI,9363022851,,,Coimbatore
KARTHIKEYAN,6369738997,,,COIMBATORE
KASSIM RAWTHER PAVURDEEN,9447838722,,,
KIRTHI CONSTRUCTIONS,9994474425,,,COIMBATORE
KIRTILAL KALIDAS JEWELLERS (P) Ltd,9600924511,,,COIMBATORE
KK BUILDERS,9047042949,,,COIMBATORE
KOVAI TILES MART,7418321084,,,COIMBATORE
KPS RESORT,9199763300,,,KUMBAKONAM
KUMAR MESTHIRI,9976223282,,,COIMBATORE
KUMAR NGGO COLONY,9900097351,7200967998,,COIMBATORE
Kaleeswari,8122278768,,,
Kannamma,9486186440,,,
Karthi -turf,8754022851,,,
Karthik,+918884116888,,,Coimbatore
Karthik idikarai,9791511274,,,
Kavitha,9597738355,,,
Kayathri,9047374880,,,
Keerthi contruction,9944744252,,,
Krishna moorthy,9443519048,,,Coimbatore
Krishnamoorthy,9842347473,,,Thontamuthur
Krishnan,9566828825,,,
Ks ortho hospital,9688988545,,,Coimbatore 
Kulathaivel,9842370191,,,
Kumar Nggo,8825516443,,,
Kumaran buliders,9677923878,,,
LAKSHIMI PALLADAM,9965078889,,,
LAKSHMANAN MASANI,8870526812,,,Coimbatore
LEELAVATHI,7200022270,,,COIMBATORE
LINIAR CONSTRUCTIONS,8668129029,,,COIMBATORE
LOGANATHAN C/O AR.PREM,9443776375,,,COIMBATORE
LUMBODHARA REAL ESTATE,9361005679,,,COIMBATORE 
Lakshmi,9597431354,,,
Loganathan coddisa,9976006031,,,
M. M. Kitchen,+919751200083,,,Coimbatore
M/S. Bath n Style,9894321092,,,Coimbatore
MANI,8682007664,,,COIMBATORE
MANICKAM TRADERS,9566670543,,,COIMBATORE
MANIKANDA PRABHU,7904994814,,,PONDICHERRY
MANIKANDAN/NGGO,9994328383,,,COIMBATORE
MANIVANNAN ER,9443603450,,,OOTY
MANJULA,7598200489,,,COIMBATORE
MANOGAR THUDIYALR,9840895242,,,
MARIYA AROKIYASAMY,9843391116,,,COIMBATORE
MM KITCHEN ENGG PVT LTD,9364255562,,,COIMBATORE
MMJ  CERAMICS PRIVATE LIMITED,9944200800,,,COIMBATORE
MODERN TRENDS,9443716373,,,Coimbatore
MOHAN VEERAKERALAM,9842457045,,,VEERAKERALAM
MOORTHY \SRIDHAR,9043458991,,,COIMBATORE
MR. MANI,9095478622,,,
MR.KAVIRAJ,9688988546,,,COIMBATORE
MR.SURESH,8012214021,,,COIMBATORE
MSP FASHIONS,93637 13503,,,Vadamadurai 
MUGIL CONSTRUCTIONS,7373735529,,,COIMBATORE
Madhina,9942398094,,,
Manikandan,7358657153,,,Coimbatore
Manikumar,9843965037,,,
Matha tiles centre,9944499599,,,
Mathesh,9865324916,,,Kovilpalayam
Mohammed bava kasim,7094433303,,,
Mouli,9976032209,,,
Mr Karthik,9894833220,,,
Mr. Anandhan,9443049987,,,Singanallur
Mr. Anbu,9842640444,,,
Mr. Arulanand,8778069423,,,
Mr. Ashok,9842269024,,,
Mr. Dinesh,9790271938,,,Coimbatore
Mr. Ganeshamoorthi,9994553286,,,
Mr. Ganeshbabu,9865077977,,,Coimbatore
Mr. Hariharan,9443490095,,,
Mr. Henry,9842565423,,,
Mr. Kannan,8053417910,,,
Mr. Kanthasami,9842207997,,,
Mr. Keerthan,7339225634,,,Aalanturai
Mr. Krishna moorthi,9360146328,,,Vsk nagar
Mr. Krishnamoorthi,9629435531,,,Coimbatore
Mr. Logesh,9840499634,,,Chennai
Mr. Mathivanan,9600353596,,,
Mr. Mohan,7904059443,,,Connor
Mr. Nazir,7810051638,,,
Mr. Poppy,9944789730,,,
Mr. Prabhu,9840686795,,,
Mr. Rajkumar,9994681220,,,
Mr. Ramesh,9994147959,,,Coimbatore
Mr. Ramesh Madhukaraii,9940909272,,,
Mr. Rathish,9655552283,,,
Mr. Sameeruddin,9123259312,,,Ooty
Mr. Sathish kumar,9751457317,,,
Mr. Senthil,7708873765,,,
Mr. ShyamSunder,9894146967,,,Coimbatore
Mr. Sivaramakrishnan,9791622001,,,
Mr. Sridhar,9566437419,,,
Mr. Sukesh,9354218514,,,
Mr. Suresh,8903123391,,,Coimbatore
Mr. Thirumalaisami,9942871100,,,
Mr.Duraisami c/o Er.Balamurugan,9894054644,,,
Mr.Thiyagu,9381406965,,,
Mr.Udhayakumaran& sobha,8220237897,,,
Mrs Sumathi Saravanapatti,9597444236,,,
Mrs. Haritha naresh,8870615706,,,Coimbatore
Mrs. Indumathi,7708431654,,,Coimbatore
Mrs. Mahima,9791779411,,,Coimbatore
Mrs. Nanthini,9677710966,,,Coimbatore
Mrs. Prabha,9025450677,,,
Mrs. Senthamil,9790015054,,,
Mrs. Vanitha Durai,9942060303,,,Coimbatore
Mrs.Karthipa,8838023432,,,Coimbatore
Murali,9994032604,,,Vadavali
N.RATHANAVEL,9364440855,,,COIMBATORE
NARAYANASAMY,9843747266,,,COIMBATORE
NARAYANI,8825981705,,,COIMBATORE
NARESH D,9486956109,,,OOTY
NATARAJ,7904867073,,,COIMBATORE
NAVEEN 1 OOTY,9843754776,,,Coimbatore
NAVEEN NEW,9844754776,,,
NAVEEN SIR \GANGA,9943754776,,,OOTY
NIRUBAA FABRIC MILLS,6380220261,,,
NIVETHA ARCHITECH,9791205305,,,COIMBATORE
NIYA CONSTRUCTION,9842241343,,,Kothagiri
NSK BUILDERS,9843247507,,,Coimbatore 
Namitha architech,9566838056,,,Coimbatore 
Naveen Er,9940814315,,,
Naveen sir / Sister site,9486191818,,,Ooty
Nishanthi,9663466828,,,
Nithiesh,8098767250,,,Coimbatore
Orix Interiors And Kitchen,8138911165,,,COIMBATORE
P&C  Constructions Private Limited,9942233422,,,COIMBATORE
P@c contruction,9942233422,,,
PADMASHREE N,9786680487,7338877216,,COIMBATORE
PALAK,6382545229,,,COIMBATORE
PALANISAMI,9025183100,,,ANNUR
PANDIYAN CONSTRUCTION,9443280893,,,OOTY
PANGAJ CONSTRUCTION,9894236680,,,KATHIRNAICKEN PALAYAM
PENDAGAN CONSTRUCTION,9095336888,,,KOVILPALAYAM
PRABHU POLLACHI,9965062081,,,POLLACHI
PRAKASH,9976054616,,,
PRANAV,7708731855,,,COIMBATORE
PRANAV / THUDIYALUR,9894095095,,,COIMBATORE
PRAVEEN \K PUDUR,9600740139,,,KOVAIPUDUR
PRAVEEN\SELVAPURAM,9095446040,,,
PSM Avenue,9944556706,,,
Padma,9500350636,,,
Padmapriya BNI,9600940216,,,
Palanisami mestheri,9186677921,,,Coimbatore
Parvathi mahal,9443421609,,,Coimbatore
Pavithran,7845362203,,,
Poongodi,9750132071,,,
Pradeep bni,9188070654,,,Ooty
Pradesh,8754904550,,,
Pragathesh,7339288081,,,
Prakash,9788610727,,,Perur 
Prakash (Namitha architech),9578970234,,,
Prusothama,9800028542,,,Coimbatore
Prusothaman,9952208040,,,
R J Paints&Polish,9443102225,9843327133,,Ooty
R cninraj,9842250143,,,Karaimadai
R. K. Architects,6381332237,,,
R. Srividhya,9600751184,,,
R.R.GRANITES,00,,,COIMBATORE
RAJ BUILDERS,9159956254,,,COIMBATORE
RAJA,9363685024,,,COIMBATORE
RAJKUAMR BNI,9842213954,,,VADAVALLI
RAMAKRISHNAN BNI,9842665041,,,COIMBATORE
RAMAMOORTHY,9944427587,,,
RAMKUMAR,9894072496,,,COIMBATORE
RAMYA,9944557933,,,COIMBATORE
RANGARAJAN,9080379526,9442720349,,COIMBATORE
RAVEENDAR/CARPENDER,9043083379,,,
RAVICHANDRAN ER,9865250988,,,COIMBATORE
RAVINDER\CARPENDER,9789483379,,,COIMBATORE
REDROSE APPARELS,8220666987,,,
REUBAN BNI,9994970866,,,COIMBATORE
RR GRANITE,8122807825,,,
RR GRANITES,00,,,COIMBATORE
Ragavi,8754629137,,,
Raguram,9585710572,,,
Rajan,9626737132,,,
Rajangam,6374297795,,,Coimbatore
Rajesh,9787041771,,,Ooty
Raju,9443032054,,,
Ramakrishan bni,9198426912,,,
Ramamoorthi,9442264586,,,Coimbatore
Ramamoorthy,7094073972,,,
Ramesh,8870045762,,,
Ramesh Devarayapuram,6380969689,,,
Ramesh Rangama colony,9842233556,,,
Ramesh Ranjini,9894627057,,,
Ramesh sibi,7695937204,,,
Ramesh/ bright homes,9843545458,,,
Ramkishore Architect,+91 63812 32237,,,Coimbatore
Ranganathan,9791775468,,,
Ranjith,9965577887,,,Alandurai
Ravi,9500488836,,,
Riya,9600445161,,,
Rp construction,9965128648,,,
S. P. Enterprise,7339412314,,,
S.SHANTHI,9092285825,,,
SAFEER ALFAIZ,9750424799,9087734001,,UDANGUDI
SAI,9042451002,,,COIMBATORE
SAI BUILDERS,9629441818,,,COIMBATORE
SAM SQUARE ASSOCIATES,9585085419,,,COIMBATORE
SAMPRITI CERAMICS,9894088857,,,COIMBATORE
SANA BUILDING SOLUTION,9043699148,9791664249,,COIMBATORE
SANDHYA,9994313305,,,coimbatore
SANGAVI ALAGAR,9791928380,,,
SANGEETHA (AR.AJITH),9791462407,,,COIMBATORE
SANJAY,9384122896,,,COIMBATORE
SANTHOSH,9597350747,,,COIMBATORE
SANTHOSH C/O PRASANNA,9944557891,,,COIMBATORE
SARASWATHI ENGG WORKS,9361484716,,,KEERANAM
SARAVANAN MESTHIRI,9841094205,,,COIMBATORE
SARAVANAN PANNIMADAI,6383142398,,,PANIMADAI
SASIKALA,8825483343,,,COIMBATORE
SATHISH\BHARATHI,9655525735,,,COIMBATORE
SEETHAPATHY,9367735359,,,COIMBATORE
SELVANAYGI@CO,9965577886,,,COIMBATORE
SELVI,9442343493,,,UDUMALPET
SENTHAN CONSTRUCTION,9677612027,,,
SENTHIL KUMAR,9843011923,,,COIMBATORE
SENTHILKUMAR / NGGO COLONY,9994366624,,,COIMBATORE
SENTHILKUMAR / PARIGARDEN,9694025196,,,COIMBATORE
SENTHILKUMAR / THAMBURAJ,9944559639,9578778823,,COIMBATORE
SENTHILKUMAR D,9688988544,,,COIMBATORE
SENTHILKUMR,9597754779,,,POLLACHI
SHREE APPARNA TILES AND SANITARY WARE,9361388990,,,TIRUCHENGODE
SIVA KUMAR,9965518833,,,COIMBATORE
SIVA SANKARI,9944791418,,,Keeranam
SIVAKUMAR,8072569285,,,COIMBATORE
SIVAKUMAR AVVAINAGAR,9486359457,,,
SIVTEK GLOBAL,7010741058,,,CHENNAI
SKYRAA INFRA,9443522285,,,
SOKKALINGAM,9486439627,,,COIMBATORE
SOMASUNDARAM,9894717771,,,
SOUNDARARAJAN,9842230146,,,DHARAPURAM
SOWPARNIKA PROJECTS AND INFRASTRUCTURE PRIVATE LIMITED,9629803420,,,COIMBATORE
SQUIRCLE ARCHITECTS,8098767192,,,
SREE SASTHA BUILDERS,9443934718,,,COIMBATORE
SRI BUILDERS / SENTHIL,7708632005,9659998885,,
SRI PAVERS & BUILDERS,9894793252,,,VELLORE
SRI SATHYASAI SENIORS RESIDENCE,9443489009,,,KUMBAKONAM
SRI Vijay Construction,7708128964,,,Vsk nagar
SRIDHAR COONOOR,9486798626,,,OOTY
STALIN,9003590976,,,Coimbatore
SUBASH BUILDERS,9944306790,,,KOVILPATTI
SUNDARA MOORTHY,9843280266,,,COIMBATORE
SURESH,8608827123,,,COIMBATORE
Sakthi contruction,9080275535,,,
Sakthivel,9944047089,,,
Sampath Kumar,9842257751,,,
Santhosh,9080721736,,,
Santhosh engg,9944066114,,,
Saravanan,9578345566,,,
Saravanavadivel construction,8870089538,,,
Sasi kumar,9789121301,,,Coimbatore
Sathiesh,9894599068,,,G.n.mils
Sathish,9585419199,,,
Sathish Bni SkI construction,8526224355,,,Coimbatore
Selvagiri,+91 97862 66919,,,Udumalpet
Senthil,8680910910,,,
Senthil Kumar devaraj,9994398999,,,
Senthil kumar,9965533232,,,
Shanthakumar,9080173911,,,
Shiri And Seyons Tea Manufacturing India Private Limited,7667067374,,,GUDALUR
Shirley,9444222969,,,Coimbatore 
Shri Sairam Property And Developers,9944070604,,,COIMBATORE
Sivaas Ceramics & Interiors,9688402496,,,COIMBATORE
Sivakumar  pannimadai,8489771107,,,
Sri Narmatha Tiles,7449033077,,,COIMBATORE
Srinath,9500851681,,,
Srinivasan,9943686187,,,
Srpk Housing,9344652507,,,
Ssm builders,9047732448,,,
Subash,8220111922,,,
Subhiksha,7200492134,,,
Sudalai muthu,8144415261,,,
Sugenthiran,7200500033,,,Coimbatore 
Sundarraj,9786244587,,,Coimbatore
Suresh,6383751755,,,
Suresh kumar,9842212612,,,Coimbatore
Surya narayanan,7358713619,,,Coimbatore
Syndicate exports,9600322342,,,
TESKINFRA,8122235556,,,COIMBATORE
THALKIR REAL TIES PRIVATE LIMITED,9047051400,,,COIMBATORE
THAMBURAJ,9843860457,,,PULLAGOUNDENPUDUR
THAVASI PERUMAL,8208436908,,,
Thiyagaraja,9443329994,,,
Thiyagarajan,8148825990,,,Coimbatore
VELLAIAMMAL,9976273021,,,PALLADAM
VENGATESHWARA TILES,9655821791,,,
VENGATESH\BRIGHT HOMES,9894440903,,,COIMBATORE
VENKAT BNI,9715799456,,,COIMBATORE
VIJAYAKUMAR,9842241803,,,VADAVALLI
VIJAYAKUMAR RAJA,9790454402,,,COIMBATORE
VIJAYALAKSHIMI,9894782604,,,
Vadivel,9080265837,,,
Velan concast,9865260634,,,Arasur
Venkesh,9443669516,,,
Vidhya senkathir,9894351096,,,
Vignesh,9578513156,,,Coimbatore 
Vignesh waran,9994650142,,,
Vijyakumar,9443316000,,,
Vingesh,8056701435,,,
Vinoth kumar BNI,9189730855,,,COIMBATORE
Vinothkumar Er,9994427744,,,
Vishal architecture,9175020022,,,Coimbatore
Vishnu,9500232190,,,
Vishnu BNI,8807751914,,,
Yenasounderajan,8149247908,,,
Yesu maharaja Builders,9677701371,,,
Yogandar Tanti,9952601380,,,
balaji,8754996461,,,
marudhu,9442737623,,,
surya,7548821314,,,
